{"learning_rate": 2.1461011888319234e-05, "dropout": 0.3244594323856504, "weight_decay": 0.00011857385227303369, "batch_size": 16}